{
    "metrics": {
        "iteration_duration": {
            "avg": 641.8415779443617,
            "p(90)": 1002.9104115,
            "p(95)": 1003.18294395,
            "p(99)": 1003.62495059,
            "max": 1013.331551
        },
        "http_req_failed": {
            "passes": 8518,
            "fails": 4800,
            "value": 0.6395855233518546
        },
        "http_req_tls_handshaking": {
            "avg": 0,
            "p(90)": 0,
            "p(95)": 0,
            "p(99)": 0,
            "max": 0
        },
        "http_req_duration": {
            "max": 7.813287,
            "avg": 1.6453258848175414,
            "p(90)": 2.347853,
            "p(95)": 2.5678861,
            "p(99)": 2.94941982
        },
        "http_req_blocked": {
            "avg": 0.013254458777594286,
            "p(90)": 0.013709,
            "p(95)": 0.015085199999999997,
            "p(99)": 0.03781650999999999,
            "max": 10.473395
        },
        "checks": {
            "passes": 4810,
            "fails": 8508,
            "value": 0.36116534014116236
        },
        "data_sent": {
            "count": 6205164,
            "rate": 29548.360250138725
        },
        "vus_max": {
            "min": 40,
            "max": 71,
            "value": 71
        },
        "http_reqs": {
            "count": 13318,
            "rate": 63.418962304839575
        },
        "dropped_iterations": {
            "count": 31,
            "rate": 0.1476188490351424
        },
        "data_received": {
            "count": 6575666,
            "rate": 31312.653114823188
        },
        "http_req_waiting": {
            "avg": 1.476431629749204,
            "p(90)": 2.1200129000000003,
            "p(95)": 2.34354715,
            "p(99)": 2.7214359299999997,
            "max": 5.993645
        },
        "http_req_connecting": {
            "avg": 0.0023003859438354107,
            "p(90)": 0,
            "p(95)": 0,
            "p(99)": 0,
            "max": 10.359883
        },
        "http_req_sending": {
            "p(95)": 0.06133349999999999,
            "p(99)": 0.09386525999999998,
            "max": 1.782397,
            "avg": 0.039214805976873414,
            "p(90)": 0.0543818
        },
        "iterations": {
            "count": 13318,
            "rate": 63.418962304839575
        },
        "vus": {
            "max": 50,
            "value": 0,
            "min": 0
        },
        "http_req_receiving": {
            "p(95)": 0.24530159999999998,
            "p(99)": 0.33912538999999997,
            "max": 3.752127,
            "avg": 0.1296794490914555,
            "p(90)": 0.20199950000000005
        },
        "http_req_duration{expected_response:true}": {
            "p(90)": 2.6261629,
            "p(95)": 2.8018475000000005,
            "p(99)": 3.136198580000002,
            "max": 7.813287,
            "avg": 1.920263082291674
        }
    },
    "root_group": {
        "name": "",
        "path": "",
        "id": "d41d8cd98f00b204e9800998ecf8427e",
        "groups": {},
        "checks": {
                "search ok": {
                    "name": "search ok",
                    "path": "::search ok",
                    "id": "330149ff66d40a36026e358c1cc267ef",
                    "passes": 4800,
                    "fails": 0
                },
                "trip created": {
                    "name": "trip created",
                    "path": "::trip created",
                    "id": "9c036397fec00fe121cfb5e2210723fb",
                    "passes": 10,
                    "fails": 8508
                }
            }
    }
}