{
    "metrics": {
        "http_req_waiting": {
            "p(90)": 2.0144810000000004,
            "p(95)": 2.2520991500000003,
            "p(99)": 2.66727183,
            "max": 4.201367,
            "avg": 1.3120761357621886
        },
        "http_reqs": {
            "count": 11034,
            "rate": 73.90000688853081
        },
        "iterations": {
            "count": 10984,
            "rate": 73.56513283157716
        },
        "http_req_failed": {
            "passes": 6233,
            "fails": 4801,
            "value": 0.5648903389523292
        },
        "data_sent": {
            "count": 5067643,
            "rate": 33940.44341205501
        },
        "vus": {
            "max": 50,
            "value": 50,
            "min": 10
        },
        "http_req_duration{expected_response:true}": {
            "avg": 1.6181937367215147,
            "p(90)": 2.484807,
            "p(95)": 2.684664,
            "p(99)": 3.09363,
            "max": 4.451902
        },
        "checks": {
            "passes": 4801,
            "fails": 6233,
            "value": 0.43510966104767085
        },
        "http_req_blocked": {
            "avg": 0.012018304422693473,
            "p(90)": 0.013179800000000002,
            "p(95)": 0.014678,
            "p(99)": 0.03221373,
            "max": 8.03072
        },
        "http_req_sending": {
            "avg": 0.03371522031901408,
            "p(90)": 0.0503199,
            "p(95)": 0.0572587,
            "p(99)": 0.08134388000000001,
            "max": 0.28703
        },
        "iteration_duration": {
            "avg": 564.9074246138923,
            "p(90)": 1002.7031005,
            "p(95)": 1002.9901597,
            "p(99)": 1003.5075367400001,
            "max": 1009.435609
        },
        "dropped_iterations": {
            "count": 31,
            "rate": 0.2076219153112611
        },
        "http_req_tls_handshaking": {
            "max": 0,
            "avg": 0,
            "p(90)": 0,
            "p(95)": 0,
            "p(99)": 0
        },
        "http_req_receiving": {
            "avg": 0.11339667418887062,
            "p(90)": 0.18299300000000002,
            "p(95)": 0.22943100000000008,
            "p(99)": 0.3241162,
            "max": 0.961925
        },
        "data_received": {
            "count": 5419870,
            "rate": 36299.47710122725
        },
        "vus_max": {
            "value": 71,
            "min": 40,
            "max": 71
        },
        "http_req_connecting": {
            "p(95)": 0,
            "p(99)": 0,
            "max": 7.992626,
            "avg": 0.0023220810222947257,
            "p(90)": 0
        },
        "http_req_duration": {
            "avg": 1.4591880302700693,
            "p(90)": 2.2415176000000008,
            "p(95)": 2.4720265,
            "p(99)": 2.90882635,
            "max": 4.451902
        }
    },
    "root_group": {
        "name": "",
        "path": "",
        "id": "d41d8cd98f00b204e9800998ecf8427e",
        "groups": {},
        "checks": {
                "search ok": {
                    "fails": 0,
                    "name": "search ok",
                    "path": "::search ok",
                    "id": "330149ff66d40a36026e358c1cc267ef",
                    "passes": 4801
                },
                "trip created": {
                    "fails": 6233,
                    "name": "trip created",
                    "path": "::trip created",
                    "id": "9c036397fec00fe121cfb5e2210723fb",
                    "passes": 0
                }
            }
    }
}