{
    "metrics": {
        "data_received": {
            "count": 6576546,
            "rate": 31167.75859224803
        },
        "http_req_sending": {
            "avg": 0.03613407575075079,
            "p(90)": 0.053212100000000005,
            "p(95)": 0.0582352,
            "p(99)": 0.07977553999999967,
            "max": 0.338027
        },
        "vus": {
            "value": 1,
            "min": 0,
            "max": 50
        },
        "dropped_iterations": {
            "count": 31,
            "rate": 0.14691610403997613
        },
        "checks": {
            "passes": 4801,
            "fails": 8519,
            "value": 0.36043543543543544
        },
        "http_req_waiting": {
            "p(99)": 2.5549860899999994,
            "max": 4.629437,
            "avg": 1.3707463372372342,
            "p(90)": 1.9971172,
            "p(95)": 2.2015722999999996
        },
        "http_req_failed": {
            "passes": 8519,
            "fails": 4801,
            "value": 0.6395645645645646
        },
        "vus_max": {
            "value": 71,
            "min": 40,
            "max": 71
        },
        "http_reqs": {
            "count": 13320,
            "rate": 63.12653244556394
        },
        "http_req_duration": {
            "avg": 1.529726066141138,
            "p(90)": 2.2187989000000004,
            "p(95)": 2.42914255,
            "p(99)": 2.7876426999999993,
            "max": 6.649636
        },
        "http_req_blocked": {
            "avg": 0.012069011411411422,
            "p(90)": 0.0134704,
            "p(95)": 0.014893199999999997,
            "p(99)": 0.02934719999999999,
            "max": 14.11066
        },
        "iterations": {
            "count": 13320,
            "rate": 63.12653244556394
        },
        "http_req_connecting": {
            "avg": 0.002037265990990991,
            "p(90)": 0,
            "p(95)": 0,
            "p(99)": 0,
            "max": 14.057283
        },
        "http_req_tls_handshaking": {
            "p(99)": 0,
            "max": 0,
            "avg": 0,
            "p(90)": 0,
            "p(95)": 0
        },
        "http_req_duration{expected_response:true}": {
            "avg": 1.647073845032284,
            "p(90)": 2.484643,
            "p(95)": 2.631393,
            "p(99)": 2.99715,
            "max": 6.649636
        },
        "data_sent": {
            "count": 6206071,
            "rate": 29411.992668241248
        },
        "http_req_receiving": {
            "p(99)": 0.3343953499999991,
            "max": 2.416707,
            "avg": 0.12284565315315332,
            "p(90)": 0.1974026,
            "p(95)": 0.23976699999999973
        },
        "iteration_duration": {
            "avg": 641.68751640105,
            "p(90)": 1002.9148432000001,
            "p(95)": 1003.15536895,
            "p(99)": 1003.58541586,
            "max": 1015.43161
        }
    },
    "root_group": {
        "path": "",
        "id": "d41d8cd98f00b204e9800998ecf8427e",
        "groups": {},
        "checks": {
                "search ok": {
                    "path": "::search ok",
                    "id": "330149ff66d40a36026e358c1cc267ef",
                    "passes": 4801,
                    "fails": 0,
                    "name": "search ok"
                },
                "trip created": {
                    "id": "9c036397fec00fe121cfb5e2210723fb",
                    "passes": 0,
                    "fails": 8519,
                    "name": "trip created",
                    "path": "::trip created"
                }
            },
        "name": ""
    }
}