{
    "root_group": {
        "path": "",
        "id": "d41d8cd98f00b204e9800998ecf8427e",
        "groups": {},
        "checks": {
                "search ok": {
                    "passes": 6,
                    "fails": 0,
                    "name": "search ok",
                    "path": "::search ok",
                    "id": "330149ff66d40a36026e358c1cc267ef"
                },
                "trip created": {
                    "id": "9c036397fec00fe121cfb5e2210723fb",
                    "passes": 0,
                    "fails": 1,
                    "name": "trip created",
                    "path": "::trip created"
                }
            },
        "name": ""
    },
    "metrics": {
        "iterations": {
            "count": 6,
            "rate": 44.6937767893567
        },
        "http_req_duration": {
            "avg": 2.122350857142857,
            "p(90)": 2.5764068,
            "p(95)": 2.5844774,
            "p(99)": 2.5909338799999997,
            "max": 2.592548
        },
        "iteration_duration": {
            "avg": 2.9476419999999997,
            "p(90)": 3.5903644999999997,
            "p(95)": 3.61204125,
            "p(99)": 3.62938265,
            "max": 3.633718
        },
        "http_reqs": {
            "count": 7,
            "rate": 52.14273958758282
        },
        "checks": {
            "passes": 6,
            "fails": 1,
            "value": 0.8571428571428571
        },
        "http_req_failed": {
            "fails": 6,
            "passes": 1,
            "value": 0.14285714285714285
        },
        "data_received": {
            "count": 3338,
            "rate": 24864.637820478776
        },
        "http_req_sending": {
            "p(95)": 0.3271613999999998,
            "p(99)": 0.3758410799999999,
            "max": 0.388011,
            "avg": 0.16458857142857145,
            "p(90)": 0.2663118000000001
        },
        "http_req_receiving": {
            "avg": 0.19967614285714289,
            "p(90)": 0.30747120000000006,
            "p(95)": 0.33455759999999996,
            "p(99)": 0.35622672,
            "max": 0.361644
        },
        "http_req_connecting": {
            "avg": 0.3172654285714286,
            "p(90)": 0.395689,
            "p(95)": 0.409834,
            "p(99)": 0.42114999999999997,
            "max": 0.423979
        },
        "http_req_tls_handshaking": {
            "p(95)": 0,
            "p(99)": 0,
            "max": 0,
            "avg": 0,
            "p(90)": 0
        },
        "http_req_duration{expected_response:true}": {
            "p(95)": 2.5858225,
            "p(99)": 2.5912029,
            "max": 2.592548,
            "avg": 2.1226781666666663,
            "p(90)": 2.579097
        },
        "http_req_blocked": {
            "avg": 0.4701567142857143,
            "p(90)": 0.6292068000000001,
            "p(95)": 0.6596124,
            "p(99)": 0.68393688,
            "max": 0.690018
        },
        "data_sent": {
            "count": 2952,
            "rate": 21989.338180363495
        },
        "http_req_waiting": {
            "p(99)": 2.26956272,
            "max": 2.270114,
            "avg": 1.7580861428571428,
            "p(90)": 2.2646012,
            "p(95)": 2.2673576
        }
    }
}