{
    "root_group": {
        "path": "",
        "id": "d41d8cd98f00b204e9800998ecf8427e",
        "groups": {},
        "checks": {
                "search ok": {
                    "passes": 4801,
                    "fails": 0,
                    "name": "search ok",
                    "path": "::search ok",
                    "id": "330149ff66d40a36026e358c1cc267ef"
                },
                "trip created": {
                    "name": "trip created",
                    "path": "::trip created",
                    "id": "9c036397fec00fe121cfb5e2210723fb",
                    "passes": 0,
                    "fails": 8519
                }
            },
        "name": ""
    },
    "metrics": {
        "http_req_failed": {
            "passes": 8519,
            "fails": 4801,
            "value": 0.6395645645645646
        },
        "iteration_duration": {
            "p(95)": 1003.24815585,
            "p(99)": 1003.7241716,
            "max": 1019.658437,
            "avg": 641.8928264021783,
            "p(90)": 1002.9878987
        },
        "http_req_receiving": {
            "avg": 0.13365455653153177,
            "p(90)": 0.2057482,
            "p(95)": 0.2528922,
            "p(99)": 0.3448313999999998,
            "max": 1.76397
        },
        "http_req_connecting": {
            "avg": 0.00273030990990991,
            "p(90)": 0,
            "p(95)": 0,
            "p(99)": 0,
            "max": 16.141297
        },
        "vus": {
            "value": 1,
            "min": 0,
            "max": 50
        },
        "http_req_duration": {
            "avg": 1.699851709909918,
            "p(90)": 2.3927237,
            "p(95)": 2.6509278,
            "p(99)": 3.0668133,
            "max": 4.948364
        },
        "vus_max": {
            "min": 40,
            "max": 71,
            "value": 71
        },
        "data_received": {
            "count": 6576542,
            "rate": 31167.828532532538
        },
        "http_req_tls_handshaking": {
            "p(90)": 0,
            "p(95)": 0,
            "p(99)": 0,
            "max": 0,
            "avg": 0
        },
        "http_req_sending": {
            "p(90)": 0.056266,
            "p(95)": 0.0635201,
            "p(99)": 0.09812117999999996,
            "max": 0.4385,
            "avg": 0.040522642717717806
        },
        "http_reqs": {
            "count": 13320,
            "rate": 63.126712496222694
        },
        "data_sent": {
            "rate": 29412.076557668566,
            "count": 6206071
        },
        "iterations": {
            "count": 13320,
            "rate": 63.126712496222694
        },
        "checks": {
            "passes": 4801,
            "fails": 8519,
            "value": 0.36043543543543544
        },
        "http_req_duration{expected_response:true}": {
            "p(95)": 2.919049,
            "p(99)": 3.227794,
            "max": 4.651159,
            "avg": 1.9676185938346205,
            "p(90)": 2.730403
        },
        "http_req_blocked": {
            "p(90)": 0.014243,
            "p(95)": 0.015860049999999997,
            "p(99)": 0.03402499999999995,
            "max": 16.256966,
            "avg": 0.013926990765765751
        },
        "http_req_waiting": {
            "max": 4.595527,
            "avg": 1.5256745106606566,
            "p(90)": 2.1680526,
            "p(95)": 2.4170894499999998,
            "p(99)": 2.8015658699999992
        },
        "dropped_iterations": {
            "count": 31,
            "rate": 0.14691652307679456
        }
    }
}